id,title,release_date,genre_ids,vote_average,vote_count
447273,Snow White,2025-03-19,"[10751, 14]",4.6,290
762509,Mufasa: The Lion King,2024-12-18,"[12, 10751, 16]",7.479,1702
1241982,Moana 2,2024-11-21,"[16, 12, 10751, 35]",7.121,2049
1022789,Inside Out 2,2024-06-11,"[16, 12, 35, 10751]",7.6,5683
774531,Young Woman and the Sea,2024-05-31,"[36, 18]",7.879,340
1123093,Diary of a Wimpy Kid Christmas: Cabin Fever,2023-12-07,"[16, 35, 10751]",6.6,73
1001884,Dashing Through the Snow,2023-11-16,"[14, 10751, 35]",6.219,112
1022796,Wish,2023-11-13,"[16, 10751, 14, 12]",6.3,1571
1165492,Project CC,2023-09-29,[18],5.8,5
1165491,Black Belts,2023-09-29,[18],7.2,8
1164598,The Ghost,2023-09-29,"[18, 14]",7.6,9
1139087,Once Upon a Studio,2023-09-24,"[16, 10751, 14, 35]",8.288,371
1184348,Haunted Mansion: Enter If You Dare,2023-07-26,"[16, 9648]",0.0,0
1184346,Haunted Mansion: Swinging Wake,2023-07-26,"[16, 9648]",0.0,0
616747,Haunted Mansion,2023-07-26,"[35, 18, 14, 27]",6.467,1087
1143516,Maxine,2023-07-23,[18],5.9,8
1135111,The Roof,2023-07-23,[18],6.1,9
1143429,"Beautiful, FL",2023-07-17,[18],5.8,9
929569,World's Best,2023-06-23,"[10402, 10751, 35]",6.2,19
976573,Elemental,2023-06-14,"[16, 35, 10751, 14, 10749]",7.618,4726
447277,The Little Mermaid,2023-05-18,"[12, 10751, 14, 10749]",6.312,3026
620705,Crater,2023-05-12,"[878, 28, 12, 10751]",6.6,269
420808,Peter Pan & Wendy,2023-04-20,"[10751, 14, 28, 12]",5.469,695
776098,Chang Can Dunk,2023-03-09,"[10751, 35, 18]",6.98,74
751741,Night at the Museum: Kahmunrah Rises Again,2022-12-08,"[16, 35, 10751, 14]",6.427,261
897192,Diary of a Wimpy Kid: Rodrick Rules,2022-12-02,"[16, 35, 10751]",6.9,165
877269,Strange World,2022-11-23,"[16, 10751, 12, 878, 14]",6.3,1289
338958,Disenchanted,2022-11-18,"[35, 10751, 14]",6.7,1100
642885,Hocus Pocus 2,2022-09-27,"[14, 35, 10751]",7.207,1706
532639,Pinocchio,2022-09-07,"[14, 12, 10751]",6.332,1621
974936,Trevor: The Musical,2022-06-24,"[18, 10402]",5.0,14
759054,Rise,2022-06-23,[18],7.6,273
718789,Lightyear,2022-06-15,"[16, 878, 10751, 12]",6.9,3506
799883,Hollywood Stargirl,2022-06-03,"[35, 10749, 10402]",6.6,60
420821,Chip 'n Dale: Rescue Rangers,2022-05-20,"[16, 10751, 35, 12, 9648]",6.996,1247
691683,Cheaper by the Dozen,2022-03-18,"[10751, 35]",6.406,254
826953,Better Nate Than Ever,2022-03-15,"[10402, 10751, 35]",6.4,99
508947,Turning Red,2022-03-10,"[16, 10751, 35, 14]",7.3,5359
774825,The Ice Age Adventures of Buck Wild,2022-01-28,"[16, 35, 10751, 12]",6.6,1715
774741,Diary of a Wimpy Kid,2021-12-02,"[16, 35, 10751]",6.2,356
831827,Far from the Tree,2021-11-24,"[16, 10751]",8.074,378
876716,Ciao Alberto,2021-11-11,"[16, 35, 10751, 14]",7.4,670
568124,Encanto,2021-10-13,"[16, 35, 10751, 14]",7.595,9651
451048,Jungle Cruise,2021-07-28,"[14, 12]",7.3,5787
508943,Luca,2021-06-17,"[16, 35, 14, 12, 10751]",7.807,8475
818370,The Little Prince(ss),2021-05-28,"[10751, 18]",7.1,137
818367,Let's Be Tigers,2021-05-28,[18],7.3,14
818361,The Last of the Chupacabras,2021-05-28,"[10751, 14]",6.2,21
818356,Growing Fangs,2021-05-28,"[18, 10749, 10751, 14]",6.6,17
818342,Dinner Is Served,2021-05-28,[18],5.8,13
818336,American Eid,2021-05-28,[18],7.1,14
337404,Cruella,2021-05-26,"[35, 80, 12]",7.996,9509
811367,22 vs. Earth,2021-04-30,"[10751, 35, 14, 16]",7.0,459
779047,Us Again,2021-03-03,"[16, 18, 10751, 10749]",7.807,331
527774,Raya and the Last Dragon,2021-03-03,"[16, 10751, 14, 28, 12]",7.8,6884
621876,Flora & Ulysses,2021-02-19,"[10751, 12, 35, 14]",6.5,249
508442,Soul,2020-12-25,"[16, 10751, 35, 14]",8.112,10680
727306,Safety,2020-12-11,"[10751, 18, 36]",7.5,191
662546,Godmothered,2020-12-04,"[10751, 14, 35]",6.737,613
757998,On the Lot with Becky Cline - Disney Studio Tour,2020-10-23,[99],0.0,0
337401,Mulan,2020-09-04,"[12, 14, 28, 10751]",6.866,6750
508570,The One and Only Ivan,2020-08-21,"[10751, 35, 18]",7.369,591
454433,Magic Camp,2020-08-14,"[10751, 14, 35]",6.876,205
719643,Black Is King,2020-07-30,[10402],7.3,128
475430,Artemis Fowl,2020-05-29,"[12, 14, 878, 10751, 28]",5.6,1668
706860,Out,2020-05-22,"[16, 35, 18, 14, 10751, 10749]",7.3,195
382748,Stargirl,2020-03-10,"[35, 18, 10749, 10751]",7.4,559
508439,Onward,2020-02-29,"[10751, 16, 12, 35, 14]",7.671,6230
594530,Lamp Life,2020-01-31,"[16, 35, 10751]",7.1,305
550440,Timmy Failure: Mistakes Were Made,2020-01-25,"[10751, 9648, 35, 14]",6.2,182
606856,Togo,2019-12-20,"[12, 10751]",8.143,2069
330457,Frozen II,2019-11-20,"[10751, 16, 12, 35, 14]",7.2,9851
512895,Lady and the Tramp,2019-11-12,"[10751, 10749, 35]",7.199,1574
454467,Noelle,2019-11-12,"[10751, 35, 14]",6.596,680
420809,Maleficent: Mistress of Evil,2019-10-16,"[10751, 14, 12, 28]",7.303,6180
420818,The Lion King,2019-07-12,"[12, 18, 10751, 16]",7.11,10277
301528,Toy Story 4,2019-06-19,"[10751, 12, 16, 35, 14]",7.478,9933
420817,Aladdin,2019-05-22,"[12, 14, 10749, 10751]",7.096,10172
329996,Dumbo,2019-03-27,"[10751, 14, 12]",6.604,4349
400650,Mary Poppins Returns,2018-12-13,"[14, 10751, 35]",6.512,3337
404368,Ralph Breaks the Internet,2018-11-20,"[10751, 16, 35, 12]",7.17,7668
426543,The Nutcracker and the Four Realms,2018-10-26,"[14, 12, 10751]",6.081,2161
546728,Auntie Edna,2018-10-23,"[16, 35, 10751, 878]",7.2,245
420814,Christopher Robin,2018-08-01,"[12, 35, 10751, 14]",7.298,2753
514754,Bao,2018-06-15,"[16, 10751, 14]",7.567,1220
260513,Incredibles 2,2018-06-14,"[28, 12, 16, 10751]",7.5,13005
407451,A Wrinkle in Time,2018-03-08,"[12, 878, 10751, 14]",5.1,1801
698135,Alice Comedies Vol. 2,2018-01-17,"[16, 35]",0.0,0
460793,Olaf's Frozen Adventure,2017-10-27,"[16, 10751, 12, 35, 14]",6.5,1442
354912,Coco,2017-10-27,"[10751, 16, 10402, 12]",8.2,19834
471968,The Last Warrior,2017-10-19,"[14, 10751, 12, 28, 35]",6.9,179
166426,Pirates of the Caribbean: Dead Men Tell No Tales,2017-05-23,"[12, 28, 14]",6.653,12153
321612,Beauty and the Beast,2017-03-16,"[10751, 14, 10749]",6.97,15569
496834,Voice of the Islands,2017-03-07,[99],1.0,1
406785,Inner Workings,2016-11-23,"[16, 10751, 35]",7.8,291
277834,Moana,2016-10-13,"[12, 35, 10751, 16]",7.6,12964
399106,Piper,2016-06-16,"[10751, 16]",8.146,1652
127380,Finding Dory,2016-06-16,"[12, 16, 35, 10751]",7.0,12169
267935,The BFG,2016-06-01,"[12, 10751, 14]",6.278,3410
241259,Alice Through the Looking Glass,2016-05-25,"[12, 10751, 14]",6.558,6487
278927,The Jungle Book,2016-04-07,"[10751, 12, 18, 14]",6.864,8128
269149,Zootopia,2016-02-11,"[16, 12, 10751, 35]",7.747,16586
300673,The Finest Hours,2016-01-27,"[28, 18, 36, 53]",6.6,1623
105864,The Good Dinosaur,2015-11-14,"[12, 16, 10751]",6.7,5622
352812,Tick Tock Tale,2015-08-18,[16],7.4,110
150540,Inside Out,2015-06-17,"[16, 10751, 12, 18, 35]",7.91,22367
158852,Tomorrowland,2015-05-19,"[12, 10751, 9648, 878]",6.279,7034
678845,The Origins of Plus Ultra,2015-04-24,[16],3.5,2
1447091,"Meet the Pickles: The Making of ""Win or Lose""",2025-03-11,[99],6.0,1
1022789,Inside Out 2,2024-06-11,"[16, 12, 35, 10751]",7.6,5683
1221396,Self,2024-02-01,"[16, 10751, 14]",6.2,37
747059,Burrow,2024-01-12,"[16, 10751, 35]",7.4,25
1174775,Good Chemistry: The Story of Elemental,2023-09-13,[99],6.8,10
1076364,Carl's Date,2023-06-15,"[16, 12, 10751, 35]",7.477,414
976573,Elemental,2023-06-14,"[16, 35, 10751, 14, 10749]",7.618,4726
718789,Lightyear,2022-06-15,"[16, 878, 10751, 12]",6.9,3506
979163,Beyond Infinity: Buzz and the Journey to Lightyear,2022-06-10,[99],7.0,238
940075,Embrace the Panda: Making Turning Red,2022-03-11,[99],6.9,38
508947,Turning Red,2022-03-10,"[16, 10751, 35, 14]",7.3,5359
897298,Pixar 2021 Disney+ Day Special,2021-11-12,[99],5.368,19
876716,Ciao Alberto,2021-11-11,"[16, 35, 10751, 14]",7.4,670
852721,Nona,2021-08-27,[16],6.348,79
852719,Twenty Something,2021-08-27,"[16, 35, 18]",7.3,81
508943,Luca,2021-06-17,"[16, 35, 14, 12, 10751]",7.807,8475
811367,22 vs. Earth,2021-04-30,"[10751, 35, 14, 16]",7.0,459
508442,Soul,2020-12-25,"[16, 10751, 35, 14]",8.112,10680
899613,Automaton,2020-08-24,[16],6.3,3
706860,Out,2020-05-22,"[16, 35, 18, 14, 10751, 10749]",7.3,195
508439,Onward,2020-02-29,"[10751, 16, 12, 35, 14]",7.671,6230
594530,Lamp Life,2020-01-31,"[16, 35, 10751]",7.1,305
662666,Forky Asks a Question: What Is Reading?,2020-01-10,"[16, 10751, 35]",5.8,58
660867,Forky Asks a Question: What Is Cheese?,2020-01-03,"[16, 10751, 35]",6.2,73
660866,Forky Asks a Question: What Is a Pet?,2019-12-27,"[16, 10751, 35]",5.7,61
660862,Forky Asks a Question: What Is a Leader?,2019-12-20,"[16, 10751, 35]",5.6,59
660861,Forky Asks a Question: What Is a Computer?,2019-12-13,"[16, 10751, 35]",5.8,62
574091,Wind,2019-12-13,"[16, 10751, 14]",7.2,150
660859,Forky Asks a Question: What Is Love?,2019-12-06,"[16, 10751, 35]",6.3,76
660858,Forky Asks a Question: What Is Time?,2019-11-29,"[16, 10751, 35]",6.0,68
660856,Forky Asks a Question: What Is Art?,2019-11-22,"[16, 10751, 35]",5.8,79
660855,Forky Asks a Question: What Is a Friend?,2019-11-15,"[16, 10751, 35]",6.2,85
660851,Forky Asks a Question: What Is Money?,2019-11-12,"[16, 10751, 35]",6.0,98
574093,Float,2019-11-12,"[16, 18, 10751]",7.3,278
301528,Toy Story 4,2019-06-19,"[10751, 12, 16, 35, 14]",7.478,9933
574074,Kitbull,2019-01-18,"[16, 10751, 18]",8.0,372
532953,Purl,2019-01-18,"[16, 35]",6.7,304
532952,Smash and Grab,2019-01-18,"[16, 878]",6.6,170
574089,Loop,2019-01-10,"[16, 10751]",6.7,193
546728,Auntie Edna,2018-10-23,"[16, 35, 10751, 878]",7.2,245
514754,Bao,2018-06-15,"[16, 10751, 14]",7.567,1220
260513,Incredibles 2,2018-06-14,"[28, 12, 16, 10751]",7.454,13006
354912,Coco,2017-10-27,"[10751, 16, 10402, 12]",8.2,19834
433471,Lou,2017-06-16,"[10751, 14, 16, 35]",7.523,396
260514,Cars 3,2017-06-15,"[10751, 16, 12, 35]",6.8,5966
449621,Dante's Lunch,2017-03-29,"[16, 35]",6.8,66
427004,Marine Life Interviews,2016-11-15,"[16, 10751, 35]",6.2,75
399106,Piper,2016-06-16,"[10751, 16]",8.146,1652
127380,Finding Dory,2016-06-16,"[12, 16, 35, 10751]",7.0,12169
345637,Sanjay's Super Team,2015-11-18,"[16, 10751, 14, 28]",6.4,259
105864,The Good Dinosaur,2015-11-14,"[12, 16, 10751]",6.7,5622
370082,Mind Candy,2015-11-03,[16],3.1,5
355338,Riley's First Date?,2015-11-03,"[16, 10751]",7.2,1067
150540,Inside Out,2015-06-17,"[16, 10751, 12, 18, 35]",7.91,22367
678845,The Origins of Plus Ultra,2015-04-24,[16],3.5,2
822119,Captain America: Brave New World,2025-02-12,"[28, 53, 878]",6.1,1106
1387507,Marvel Studios Assembled: The Making of Agatha All Along,2024-11-13,[99],9.5,3
1386628,Marvel Studios Assembled: The Making of Deadpool & Wolverine,2024-11-12,[99],6.8,16
533535,Deadpool & Wolverine,2024-07-24,"[28, 35, 878]",7.6,6935
1275606,Marvel Studios Assembled: The Making of X-Men '97,2024-05-21,[99],5.9,8
1235525,Marvel Studios Assembled: The Making of The Marvels,2024-02-06,[99],5.6,8
1220337,Marvel Studios Assembled: The Making of Echo,2024-01-31,[99],6.1,7
1192825,Marvel Studios Assembled: The Making of Loki Season 2,2023-11-22,[99],7.1,15
609681,The Marvels,2023-11-08,"[878, 12, 28]",6.0,2878
1165500,Marvel Studios Assembled: The Making of Secret Invasion,2023-09-19,[99],5.0,24
1165487,Marvel Studios Assembled: The Making of the Guardians of the Galaxy Vol. 3,2023-09-12,[99],6.3,13
1127361,Marvel Studios Assembled: The Making of Ant-Man and the Wasp: Quantumania,2023-07-19,[99],6.2,16
717082,Stan Lee,2023-06-10,[99],7.2,82
447365,Guardians of the Galaxy Vol. 3,2023-05-03,"[878, 12, 28, 35]",7.9,7217
640146,Ant-Man and the Wasp: Quantumania,2023-02-15,"[28, 12, 878]",6.3,5192
1076032,Marvel Studios Assembled: The Making of Black Panther: Wakanda Forever,2023-02-07,[99],6.8,45
774752,The Guardians of the Galaxy Holiday Special,2022-11-24,"[35, 878, 12]",7.12,2098
505642,Black Panther: Wakanda Forever,2022-11-09,"[28, 12, 878]",7.068,6729
1036996,Director by Night,2022-11-04,[99],6.2,21
1026208,Marvel Studios Assembled: The Making of She-Hulk: Attorney at Law,2022-11-03,[99],7.06,50
894205,Werewolf by Night,2022-09-25,"[28, 14, 27]",6.986,1332
1015595,Marvel Studios Assembled: The Making of Thor: Love and Thunder,2022-09-08,[99],7.0,40
1010821,Groot Takes a Bath,2022-08-10,"[16, 10751, 35, 878]",7.1,349
1010820,Groot's Pursuit,2022-08-10,"[16, 10751, 35, 878]",7.1,265
1010819,The Little Guy,2022-08-10,"[16, 10751, 35, 878]",7.312,274
1010818,Groot's First Steps,2022-08-10,"[16, 10751, 35, 878]",7.0,346
1001912,Marvel Studios Assembled: The Making of Ms. Marvel,2022-08-03,[99],7.0,30
1010823,Magnum Opus,2022-07-18,"[16, 10751, 878, 35]",7.3,264
980017,Marvel Studios Assembled: The Making of Doctor Strange in the Multiverse of Madness,2022-07-07,[99],7.2,43
616037,Thor: Love and Thunder,2022-07-06,"[14, 28, 35]",6.4,7814
979160,A Fan's Guide to Ms. Marvel,2022-06-01,[99],7.0,71
964943,Marvel Studios Assembled: The Making of Moon Knight,2022-05-24,[99],7.1,39
453395,Doctor Strange in the Multiverse of Madness,2022-05-04,"[14, 28, 12]",7.3,9418
939356,Marvel Studios Assembled: The Making of Eternals,2022-02-16,[99],7.3,52
936643,Marvel Studios Assembled: The Making of Hawkeye,2022-02-09,[99],7.0,43
634649,Spider-Man: No Way Home,2021-12-15,"[28, 12, 878]",7.947,20616
877188,Marvel Studios' 2021 Disney+ Day Special,2021-11-12,[99],7.0,29
524434,Eternals,2021-11-03,"[878, 28, 12]",6.8,8472
566525,Shang-Chi and the Legend of the Ten Rings,2021-09-01,"[28, 12, 14]",7.525,9628
497698,Black Widow,2021-07-07,"[28, 12, 878]",7.2,10406
647375,Marvel Studios: Expanding the Universe,2019-11-12,[99],5.8,26
758025,Peter's To-Do List,2019-09-17,"[878, 28, 12]",7.0,79
429617,Spider-Man: Far From Home,2019-06-28,"[28, 12, 878]",7.411,15971
299534,Avengers: Endgame,2019-04-24,"[12, 878, 28]",8.2,26163
299537,Captain Marvel,2019-03-06,"[28, 12, 878]",6.803,15947
363088,Ant-Man and the Wasp,2018-07-04,"[28, 12, 878]",6.9,13486
299536,Avengers: Infinity War,2018-04-25,"[12, 28, 878]",8.2,30335
505945,Team Darryl,2018-02-20,[35],6.2,162
284054,Black Panther,2018-02-13,"[28, 12, 878]",7.374,22458
284053,Thor: Ragnarok,2017-10-02,"[28, 12, 878]",7.585,21020
315635,Spider-Man: Homecoming,2017-07-05,"[28, 12, 878, 18]",7.331,22078
283995,Guardians of the Galaxy Vol. 2,2017-04-19,"[878, 12, 28]",7.6,21849
441829,Team Thor: Part 2,2017-02-14,"[878, 35, 14]",7.0,329
284052,Doctor Strange,2016-10-25,"[28, 12, 14]",7.418,22417
413279,Team Thor,2016-08-28,"[35, 878]",7.3,541
271110,Captain America: Civil War,2016-04-27,"[12, 28, 878]",7.444,23004
379040,Marvel's Captain America: 75 Heroic Years,2016-01-19,[99],6.7,34
102899,Ant-Man,2015-07-14,"[878, 28, 12]",7.1,19969
99861,Avengers: Age of Ultron,2015-04-22,"[28, 12, 878]",7.3,23314
1443468,Andor: Season 2 | A Special Look,2025-03-04,[99],0.0,0
1406621,Star Wars: Skeleton Crew | A Special Look,2024-11-28,[99],4.3,3
1076708,Music by John Williams,2024-11-01,"[99, 10402]",7.982,55
1199447,Timeless Heroes: Indiana Jones & Harrison Ford,2023-12-01,[99],7.7,22
1168918,The Making of Indiana Jones and the Dial of Destiny,2023-08-29,[99],6.4,12
1166427,Master & Apprentice: A Special Look at Ahsoka,2023-08-14,[99],7.2,10
335977,Indiana Jones and the Dial of Destiny,2023-06-25,"[12, 28]",6.6,3591
1076366,Willow: Behind the Magic,2023-01-25,"[99, 35]",3.9,14
1044343,Zen - Grogu and Dust Bunnies,2022-11-11,[16],6.1,96
1022100,Andor: A Disney+ Day Special Look,2022-09-08,"[99, 878]",6.9,20
1015606,Obi-Wan Kenobi: A Jedi's Return,2022-09-07,[99],6.8,988
980804,LEGO Star Wars Summer Vacation,2022-08-05,"[16, 10751, 878, 35, 10770]",6.203,86
933962,More Than Robots,2022-03-14,"[99, 10751]",6.3,5
877181,Under the Helmet: The Legacy of Boba Fett,2021-11-12,[99],6.9,41
857702,LEGO Star Wars Terrifying Tales,2021-10-01,"[16, 10751, 878, 35, 10770]",6.867,252
1449954,Star Wars: The Bad Batch – Aftermath,2021-05-04,"[16, 28, 12, 878]",0.0,0
825647,Star Wars Biomes,2021-05-03,"[878, 99]",6.657,54
732670,LEGO Star Wars Holiday Special,2020-11-17,"[16, 10751, 878, 12, 35]",6.54,334
1183093,Star Wars: Squadrons - Hunted,2020-09-14,"[16, 28, 878]",5.0,1
680382,The Skywalker Legacy,2020-03-18,[99],7.7,43
181812,Star Wars: The Rise of Skywalker,2019-12-18,"[12, 28, 878]",6.3,10105
348350,Solo: A Star Wars Story,2018-05-15,"[878, 12, 28]",6.557,8689
513696,Balance of the Force,2018-03-12,[99],7.0,5
510714,The Director and the Jedi,2018-03-12,[99],7.2,42
507052,The Force of Sound,2018-02-20,[99],8.7,3
181808,Star Wars: The Last Jedi,2017-12-13,"[12, 28, 878]",6.781,15508
330459,Rogue One: A Star Wars Story,2016-12-14,"[28, 12, 878]",7.5,15470
388885,Secrets of the Force Awakens: A Cinematic Journey,2016-04-16,[99],7.1,39
140607,Star Wars: The Force Awakens,2015-12-15,"[12, 28, 878]",7.262,19633
516632,The Empty Man,2020-10-22,"[27, 9648, 53]",6.2,872
443791,Underwater,2020-01-08,"[27, 878, 28, 12]",6.288,3183
431693,Spies in Disguise,2019-12-04,"[16, 28, 12, 35, 10751]",7.6,2819
359724,Ford v Ferrari,2019-11-13,"[18, 28, 36]",8.003,8206
290859,Terminator: Dark Fate,2019-10-23,"[878, 28, 12, 53]",6.4,5219
419704,Ad Astra,2019-09-17,"[878, 18]",6.109,6732
575094,Abigail,2019-08-22,"[12, 14, 9648]",6.1,233
320288,Dark Phoenix,2019-06-05,"[878, 28, 12]",6.0,6622
514439,Breakthrough,2019-04-10,[18],7.6,1088
588216,Alien: Specimen,2019-03-30,"[18, 27, 878]",6.1,81
588211,Alien: Ore,2019-03-30,"[878, 27]",6.2,47
588210,Alien: Night Shift,2019-03-15,"[878, 27]",6.1,42
588209,Alien: Harvest,2019-03-15,"[878, 27]",6.5,53
588207,Alien: Containment,2019-03-15,"[18, 27, 878]",6.1,55
588204,Alien: Alone,2019-03-15,"[878, 27]",6.2,42
586839,Big Three Dragons,2019-02-01,"[35, 10751]",0.0,0
399579,Alita: Battle Angel,2019-01-31,"[28, 878, 12]",7.236,9348
454294,The Kid Who Would Be King,2019-01-16,"[28, 12, 14, 10751]",6.179,769
569888,The Predator Holiday Special,2018-12-19,"[35, 27, 878, 16]",6.3,12
567604,Once Upon a Deadpool,2018-12-11,"[35, 28, 12]",7.086,794
401469,Widows,2018-11-06,"[80, 53, 18]",6.488,2327
424694,Bohemian Rhapsody,2018-10-24,"[10402, 18]",7.978,17040
446021,Bad Times at the El Royale,2018-10-04,"[53, 9648, 80, 18]",6.842,3621
220882,London Fields,2018-09-20,"[80, 53]",5.1,271
346910,The Predator,2018-09-05,"[878, 28, 12, 53]",5.6,4745
499572,The Flip Side,2018-08-30,"[35, 18]",5.0,2
472918,Wiro Sableng: 212 Warrior,2018-08-30,"[28, 35, 12]",6.2,14
445651,The Darkest Minds,2018-07-25,"[28, 12, 18]",7.03,2831
383498,Deadpool 2,2018-05-15,"[28, 35, 12]",7.488,18266
494491,Não se Aceitam Devoluções,2018-05-01,[35],6.5,30
401981,Red Sparrow,2018-02-28,"[53, 9648]",6.5,6053
455605,Haunted Hospital: Heilstatten,2018-02-22,[27],5.561,278
449176,"Love, Simon",2018-02-16,"[35, 18, 10749]",8.0,6079
336843,Maze Runner: The Death Cure,2018-01-10,"[878, 28, 12, 53]",7.1,7916
446354,The Post,2017-12-22,"[18, 36]",7.002,4638
316029,The Greatest Showman,2017-12-20,[18],7.9,9569
364689,Ferdinand,2017-12-09,"[16, 10751, 12, 35]",7.214,2886
392044,Murder on the Orient Express,2017-11-03,"[9648, 18, 80]",6.7,10065
290512,The Mountain Between Us,2017-10-05,"[18, 12, 10749]",6.654,2419
343668,Kingsman: The Golden Circle,2017-09-20,"[28, 12, 35, 80, 53, 878]",6.959,10543
281338,War for the Planet of the Apes,2017-07-11,"[18, 878, 10752]",7.204,9174
417830,Diary of a Wimpy Kid: The Long Haul,2017-05-19,"[35, 10751]",5.349,485
126889,Alien: Covenant,2017-05-09,"[878, 27, 53]",6.2,8818
373569,Snatched,2017-05-03,"[28, 35]",5.344,800
558144,Deadpool: No Good Deed,2017-03-03,"[28, 35, 80]",7.146,514
263115,Logan,2017-02-28,"[28, 18, 878]",7.8,19522
340837,A Cure for Wellness,2017-02-15,"[27, 9648, 878]",6.331,3871
356305,Why Him?,2016-12-22,[35],6.384,4208
421725,Scrat: Spaced Out,2016-10-11,"[10751, 878, 35, 16]",6.2,60
283366,Miss Peregrine's Home for Peculiar Children,2016-09-27,"[14, 12, 18, 10751, 53]",6.837,10082
377264,Morgan,2016-09-01,"[27, 878, 53]",5.802,1497
316023,Mike and Dave Need Wedding Dates,2016-07-07,[35],6.1,2490
278154,Ice Age: Collision Course,2016-06-23,"[12, 16, 10751, 35, 878]",6.1,4608
47933,Independence Day: Resurgence,2016-06-22,"[28, 12, 878]",5.331,6118
246655,X-Men: Apocalypse,2016-05-18,"[28, 12, 878, 14]",6.512,13114
329718,Finding Altamira,2016-04-01,"[18, 36]",5.8,132
351809,To Steal from a Thief,2016-03-03,"[80, 53]",6.239,370
293660,Deadpool,2016-02-09,"[28, 12, 35]",7.6,31452
570481,Happy Log,2016-01-21,"[28, 12, 18]",6.3,3
379053,A World Unseen: 'The Revenant',2016-01-21,[99],6.1,16
228066,Victor Frankenstein,2015-11-10,"[18, 878, 53]",5.948,2151
367326,Cosmic Scrat-tastrophe,2015-11-06,"[878, 35, 16, 10751, 12]",6.5,130
227973,The Peanuts Movie,2015-11-05,"[35, 16, 10751]",6.929,1674
286217,The Martian,2015-09-30,"[18, 12, 878]",7.688,20045
294254,Maze Runner: The Scorch Trials,2015-09-09,"[878, 28, 53, 12]",6.7,10502
362519,Bride Wars,2015-08-20,"[35, 10749]",7.4,18
166424,Fantastic Four,2015-08-05,"[28, 12, 878]",4.42,6049
238713,Spy,2015-05-06,"[28, 35, 80]",6.8,6078
1075456,O'Dessa,2025-03-08,"[10402, 18, 878]",6.2,41
661539,A Complete Unknown,2024-12-18,"[18, 10402]",7.1,777
718014,Hold Your Breath,2024-09-12,"[27, 53, 18]",5.9,206
1002626,The Supremes at Earl's All-You-Can-Eat,2024-08-07,"[35, 18]",6.8,17
1029955,Kinds of Kindness,2024-05-30,"[18, 35]",6.575,950
1011082,The Greatest Hits,2024-04-05,"[18, 10402, 10749, 14]",6.7,126
1448050,Possessing Beauty: The Making of Poor Things,2024-03-12,[99],0.0,0
1014209,Suncoast,2024-02-02,"[18, 35]",6.7,113
994108,All of Us Strangers,2023-12-22,"[10749, 18, 14]",7.471,811
792307,Poor Things,2023-12-07,"[878, 10749, 35]",7.699,4598
621587,Next Goal Wins,2023-11-16,"[35, 18]",6.4,497
893752,Quasi,2023-04-20,"[35, 18]",5.155,71
812635,Chevalier,2023-04-20,"[10402, 18, 36]",6.3,109
1049638,Rye Lane,2023-03-17,"[35, 10749]",7.084,202
626332,Flamin' Hot,2023-03-11,"[18, 36]",8.0,698
814757,Empire of Light,2022-12-09,"[18, 10749]",6.663,561
593643,The Menu,2022-11-17,"[35, 27, 53]",7.176,5204
674324,The Banshees of Inisherin,2022-10-20,"[18, 35]",7.453,2891
766475,See How They Run,2022-09-09,"[9648, 35, 80]",6.37,1141
838330,Not Okay,2022-07-29,"[35, 18]",6.3,463
846250,Fire Island,2022-06-02,"[35, 10749]",7.0,245
597208,Nightmare Alley,2021-12-02,"[80, 18, 53]",7.0,3004
516329,Antlers,2021-10-28,"[18, 27, 9648]",6.2,1115
542178,The French Dispatch,2021-10-21,"[18, 35]",7.029,2663
601470,The Eyes of Tammy Faye,2021-09-17,"[18, 36]",6.501,617
399363,Wendy,2020-02-28,"[14, 18]",5.7,125
560391,Downhill,2020-02-06,"[18, 35]",5.3,277
1271927,Ice Age: The Last Adventure of Scrat (The End),2022-04-13,[16],6.7,3
431693,Spies in Disguise,2019-12-04,"[16, 28, 12, 35, 10751]",7.6,2819
364689,Ferdinand,2017-12-09,"[16, 10751, 12, 35]",7.214,2887
421725,Scrat: Spaced Out,2016-10-11,"[10751, 878, 35, 16]",6.2,60
278154,Ice Age: Collision Course,2016-06-23,"[12, 16, 10751, 35, 878]",6.1,4608
387893,Ice Age: The Great Egg-Scapade,2016-03-19,"[12, 16, 35, 10751, 10770]",6.4,481
367326,Cosmic Scrat-tastrophe,2015-11-06,"[878, 35, 16, 10751, 12]",6.5,130
227973,The Peanuts Movie,2015-11-05,"[35, 16, 10751]",6.929,1674
1439955,Will Reeve: Finding My Father,2025-01-26,[99],0.0,0
1374725,Bruce Springsteen: Backstage and Backstreets,2024-10-20,[10402],0.0,0
759045,John Legend and Family: Bigger Love Father's Day,2020-06-21,"[35, 10770, 10402]",0.0,0
662240,What Is Jeopardy!?: Alex Trebek and America's Most Popular Quiz Show,2020-01-02,"[18, 99]",10.0,3
657148,"Live in Front of a Studio Audience: ""All in the Family"" and ""Good Times""",2019-12-18,"[35, 10770, 10751]",6.1,13
563925,Mary Poppins Returns: Behind the Magic,2018-11-22,[99],6.2,13
667193,For Love,2018-01-01,"[18, 10770]",10.0,1
451974,Let It Fall: Los Angeles 1982-1992,2017-04-21,"[99, 36]",7.7,19
1452608,"Medina - 9,90 Uma história por trás da foto",2025-03-21,[99],0.0,0
1399199,The Simpsons Funday Football,2024-12-09,"[16, 35]",0.0,0
1398075,Leonardo Ruiz vs. Elias Haedo,2024-12-06,[],0.0,0
1392192,Elwin Soto vs. Moises Caro,2024-11-23,[],0.0,0
1392186,Bakary Samake vs. Wade Ryan,2024-11-23,[],0.0,0
1364723,Florida Panthers' 2024 Stanley Cup Championship Film,2024-10-01,[99],10.0,1
1338889,No Place Like Nebraska,2024-08-25,[99],0.0,0
1327697,Angel Ayala vs. Dave Apolinario,2024-08-09,[],0.0,0
1301279,NHL Big City Greens Classic 2,2024-03-09,"[16, 10770]",0.0,0
1218556,World MMA Awards 2023,2023-12-14,[28],0.0,0
1195321,The Minister of Defense,2023-11-14,[99],0.0,0
1186458,The incredible rise of Haris Rauf,2023-10-01,[99],0.0,0
1162380,The Gentleman Boxer: Richard Torrez Jr.,2023-08-07,[99],0.0,0
1162024,Made in Mexico: Navarrete vs. Valdez,2023-08-07,[],0.0,0
1154491,Camp Life: Inoue vs. Fulton,2023-07-17,[99],0.0,0
1144905,Relentless: Jared Anderson,2023-06-25,[],0.0,0
1143893,PFL 2023 #6: Regular Season - Aubin-Mercier vs. Romero,2023-06-23,[],0.0,0
1140751,PFL 2023 #5: Regular Season - Delija vs. Greene,2023-06-16,[],0.0,0
1140034,Once Upon a Time in Anaheim,2023-06-11,[99],0.0,0
1136992,Trash Talk: Taylor vs. Lopez,2023-06-04,[99],0.0,0
1178793,Little Choices,2023-05-14,[],0.0,0
1110984,The American Gladiators Documentary,2023-05-02,[99],7.5,2
1106634,LISTEN,2023-03-28,"[99, 10770, 80]",0.0,0
1106042,"Blood, Sweat & Tears: Ramirez vs. Dogboe",2023-03-27,[99],0.0,0
1103482,The Dream Americano,2023-03-19,[99],0.0,0
1087749,Disney NHL Big City Greens Classic,2023-03-14,"[16, 10770]",2.0,1
1082095,Bullies of Baltimore,2023-02-05,[99],6.3,3
1080928,The Perfect Machine,2023-02-05,"[99, 10770]",0.0,0
1082580,GR8TNESS,2023-02-04,[99],0.0,0
1081368,Erik Bazinyan vs. Alantez Fox,2023-02-02,[],0.0,0
1073753,Kim Clavel vs. Jessica Nery Plata,2023-01-13,[],0.0,0
1178814,The Band is on the Field,2022-11-13,[],0.0,0
1046894,Jeanette Lee Vs.,2022-11-12,[99],0.0,0
999368,Dickie V,2022-07-20,[99],0.0,0
1178808,Poking the Polar Bear,2022-06-22,[],0.0,0
969698,Oscar Valdez vs. Shakur Stevenson,2022-04-30,[28],6.0,1
942097,Tyson Fury vs. Dillian Whyte,2022-04-23,[28],0.0,0
942688,Shark,2022-04-19,[99],5.7,3
1178817,The Paterno Legacy,2022-04-18,[99],0.0,0
929174,The Tuck Rule,2022-02-06,[99],7.0,2
1178809,Bonds,2021-11-08,[],0.0,0
1178827,More Than a Voice,2021-09-26,[],0.0,0
1178807,Alive: The Drew Robinson Story,2021-07-03,[],0.0,0
839925,Shakur Stevenson vs. Jeremiah Nakathila,2021-06-12,"[28, 99]",0.0,0
837521,30 for 30: The Bunny & the GOAT,2021-06-06,[35],5.0,5
831748,Jose Ramirez vs Josh Taylor,2021-05-22,[28],0.0,0
829462,144,2021-05-13,[99],7.5,2
674446,D. Wade: Life Unexpected,2020-02-23,[99],7.0,10
668060,Vick,2020-01-30,[99],6.8,4
667903,Kobe Bryant: The Death of a Legend,2020-01-28,[99],5.0,1
653733,Be Water,2020-01-25,[99],6.8,51
638182,Chuck & Tito,2019-10-15,[99],7.0,2
604839,Rodman: For Better or Worse,2019-09-01,"[99, 10770]",8.2,11
627330,College Football 150 - Football Is US: The College Game,2019-08-24,[99],0.0,0
651164,The Class That Saved Coach K,2019-08-22,[99],0.0,0
966569,Backstory: Serena vs. The Umpire,2019-08-19,[99],6.7,3
576698,Qualified,2019-03-10,[99],6.1,10
1178812,Qatar's World Cup,2018-04-05,[],0.0,0
511523,The Black 14,2018-03-01,[99],0.0,0
500451,1976: O Ano da Invasão Corinthiana,2016-09-29,[99],10.0,1
359035,Trojan War,2015-10-13,[99],7.0,5
1360677,The Devil's Climb,2024-10-17,[99],7.8,16
1310161,Attack of the Red Sea Sharks,2024-06-30,[99],0.0,0
1310156,Shark vs. Ross Edgley,2024-06-30,[99],0.0,0
1126538,Shark Beach with Anthony Mackie,2024-06-30,[99],0.0,0
1274465,EPCOT Becoming: Inside the Transformation,2024-04-29,[99],8.0,2
1242387,Billy & Molly: An Otter Love Story,2024-03-09,[99],8.1,10
1210407,The History of Indian Elections,2023-11-18,[99],0.0,0
1177672,Explorer: Lake of Fire,2023-10-26,"[99, 12, 10770]",7.2,5
1186275,Bombing Pompeii,2023-08-29,[99],8.0,1
1153907,Explorer: Lost in the Arctic,2023-08-24,"[99, 10770]",6.4,8
1138603,Shark Below Zero,2023-07-02,"[99, 10770]",0.0,0
1129008,Bull Shark Bandits,2023-07-02,"[99, 10770]",10.0,1
1129006,Bull Shark vs. Hammerhead,2023-07-02,"[99, 10770]",6.5,2
1126547,Sharks vs. Dolphins: Bahamas Battleground,2023-07-02,"[99, 10770]",10.0,1
1126543,Sharkcano: Hawaii,2023-07-02,"[99, 10770]",0.0,0
1126542,Shark Eat Shark,2023-07-02,"[99, 10770]",5.0,1
1126536,Saved From a Shark,2023-07-02,"[99, 10770]",0.0,0
1126526,Return of the White Shark,2023-07-02,[99],8.3,6
1312527,Earth from Above Mashup‎,2023-06-07,[99],0.0,0
1299958,Wild Babies of America's National Parks,2023-06-05,[99],0.0,0
1126484,Pride From Above,2023-06-01,"[99, 10770]",6.8,6
1094137,Charles: In His Own Words,2023-04-28,"[99, 10770]",5.0,2
1096369,Wild Life,2023-04-14,[99],7.3,13
1087110,National Geographic Investigates: Narco State: Aftermath,2023-03-09,"[99, 10770]",0.0,0
1076064,National Geographic Investigates - Peru's Mass Grave: The Ghosts of Kuélap,2023-02-23,"[99, 10770]",7.0,1
1126514,Frederick Douglass and Abraham Lincoln: Two Leaders,2023-02-19,"[99, 10770]",0.0,0
1063005,Making The Disney Wish: Disney’s Newest Cruise Ship,2023-02-17,"[99, 10770]",5.5,4
1076036,National Geographic Investigates: Legal Marijuana in America,2023-02-16,[99],2.0,1
1076255,National Geographic Investigates: Great Lakes Wreckage,2023-02-09,"[99, 10770]",0.0,0
1076251,National Geographic Investigates - Battle for Alaska's Oil,2023-02-09,"[99, 10770]",2.0,1
1076250,National Geographic Investigates - Invaders: Colombia's Hippos,2023-02-02,"[99, 10770]",0.0,0
1076070,National Geographic Investigates: LSD and Psychedelics,2023-01-25,"[99, 10770]",8.0,1
1076053,National Geographic Investigates - Narco Bling: Chapo Guzman End Game,2023-01-18,"[99, 10770]",0.0,0
1077000,Pablo Escobar: Man vs. Myth,2022-12-22,"[99, 10770]",0.0,0
1075839,Inside Airport Lost & Found,2022-12-21,[99],2.0,1
1063779,Nazis at Nuremberg: The Lost Testimony,2022-12-05,"[10752, 99, 36, 10770]",6.6,8
1040775,Tut's Toxic Tomb,2022-11-03,"[99, 10770]",6.0,1
1019391,Retrograde,2022-10-17,"[99, 10752, 36]",7.1,21
1044290,Crocodiles Revealed,2022-10-01,"[99, 10770]",6.0,2
1037604,The Flagmakers,2022-09-18,[99],5.4,5
1024582,Islas Canarias: Nacidas del fuego,2022-09-12,[99],5.0,2
1299962,Living Wild: Animals of America’s National Parks,2022-09-02,[99],0.0,0
988365,Jaws Invasion,2022-07-19,"[99, 10770]",6.0,1
988340,Shark Superpower,2022-07-12,"[99, 10770]",5.5,2
988334,Game of Sharks,2022-07-11,"[99, 10770]",5.8,4
988327,Sharks vs. the World,2022-07-11,"[99, 10770]",0.0,0
988357,Jaws vs. Boats,2022-07-10,"[99, 10770]",2.0,1
988354,Sharks That Eat Everything,2022-07-10,"[99, 10770]",2.0,1
988350,Shark Side of the Moon,2022-07-10,"[99, 10770]",4.5,2
988342,Shark Queens,2022-07-10,"[99, 10770]",2.0,2
988337,Counting Jaws,2022-07-10,"[99, 10770]",3.5,2
988329,Sky Sharks,2022-07-10,"[99, 10770]",2.0,1
988325,Camo Sharks,2022-07-10,"[99, 10770]",4.0,2
979151,Prehistoric Women,2022-05-22,"[99, 36]",10.0,1
1019362,Gorongosa: Paradise Reborn,2022-04-22,[99],6.7,3
927085,The Biggest Little Farm: The Return,2022-04-22,[99],7.5,31
962288,Path of the Panther,2022-04-16,[99],7.0,3
927081,Explorer: The Last Tepui,2022-04-06,[99],7.6,46
973288,Zebras of the Serengeti,2022-04-03,"[99, 10770]",0.0,0
934660,We Feed People,2022-03-19,[99],7.0,21
926593,Clotilda: Last American Slave Ship,2022-02-07,[99],6.0,4
930966,Mega Moving,2022-01-16,[99],0.0,0
730057,Torn,2021-12-03,[99],6.9,25
890673,The Emirates From Above,2021-12-02,"[99, 10770]",8.0,2
811769,The First Wave,2021-11-19,"[99, 36]",6.8,28
774823,Becoming Cousteau,2021-10-22,[99],7.0,29
680058,The Rescue,2021-10-08,[99],7.951,226
825422,Fauci,2021-09-10,[99],3.2,26
862525,Smoky Mountain Park Rangers,2021-08-06,[99],0.0,0
850989,Killer Shark Vs. Killer Whale,2021-08-06,[99],5.8,4
841673,Orca Vs. Great White,2021-07-09,[99],6.1,8
836691,Shark Beach with Chris Hemsworth,2021-07-05,"[99, 10770]",6.4,16
776553,Playing with Sharks,2021-06-05,[99],7.7,10
879086,Lost Cities: The Great Flood,2021-05-09,[99],3.0,1
900255,Sharks of Hawaii,2021-04-21,[99],0.0,0
799040,Built for Mars: The Perseverance Rover,2021-02-21,[99],7.2,5
797755,The New Air Force One: Flying Fortress,2021-02-16,[99],4.9,7
812410,Flooded Tombs of the Nile,2021-02-05,"[99, 36]",7.2,4
790065,Leopard & Hyena: Strange Alliance,2021-01-30,"[99, 10770]",0.0,0
794596,Ghost of the Minerva,2021-01-27,[99],7.0,1
936722,America The Beautiful: Wild Winter,2021-01-01,[99],0.0,0
891629,Lost Tombs of the Pyramids,2020-12-20,"[99, 36, 9648]",6.6,9
639668,The Ghosts Above,2020-12-02,[99],0.0,0
775223,Going Viral: From Ebola to Covid-19,2020-11-30,[99],0.0,0
770278,"Viruses, the Global Threat",2020-11-29,[99],0.0,0
789215,Breakthrough: Virus Fighters,2020-11-23,[99],0.0,0
753325,The Real Right Stuff,2020-11-20,"[99, 36]",6.4,13
775779,Inside North Korea: The Next Leader,2020-11-08,[99],7.0,2
751545,Wild Portugal,2020-10-09,"[99, 10770]",7.7,7
764198,Assignment Inspiration,2020-09-17,[99],0.0,0
746807,Bin Laden's Hard Drive,2020-09-10,[99],6.5,8
806707,Sharks of the Bermuda Triangle,2020-08-13,[99],7.5,4
851012,Secrets of the Bull Shark,2020-08-10,[99],7.0,2
843979,Shark Vs. Whale,2020-07-28,[99],8.0,1
787019,50 Shades of Sharks,2020-07-17,"[99, 10770]",6.0,1
851013,Most Wanted Sharks,2020-07-15,"[99, 10770]",5.0,2
811282,What the Shark?,2020-07-04,"[99, 10770]",5.0,2
717320,Tutankhamun In Colour,2020-06-18,"[99, 36]",7.8,4
714430,Akashinga: The Brave Ones,2020-06-17,[99],6.7,3
716419,Race Against Pandemic,2020-06-14,[99],7.9,92
716881,The Lost Forest,2020-05-22,[99],0.0,0
727693,Still Human,2020-05-21,[99],6.0,1
733154,An Unfinished Symphony,2020-05-20,[99],0.0,0
704854,Lost on Everest,2020-05-15,"[99, 9648]",7.6,49
804151,Snake Island: Wild & Deadly,2020-03-27,[99],0.0,0
669441,Women of Impact: Changing the World,2020-03-08,[99],9.5,1
732965,India's Wild Leopards,2020-02-26,"[99, 10770]",5.5,2
682666,Back to the Titanic,2020-02-23,[99],6.4,15
684860,Hitler's Teen Killers,2020-02-18,"[36, 10752, 99, 10770]",7.2,6
653751,Rebuilding Paradise,2020-01-23,[99],6.0,13
664027,Mars: One Day on the Red Planet,2020-01-05,[99],6.4,14
702644,Ocean’s Breath,2019-12-25,"[99, 10770]",6.0,2
657310,Mysteries of The Underworld Cordoba,2019-12-15,"[99, 10770]",9.0,1
702897,The Archaeological Mysteries of the Equinox,2019-12-01,[],0.0,0
662389,Pompeii: Secrets of the Dead,2019-11-24,[99],6.6,49
711564,Chasing the Equinox,2019-11-19,"[99, 36, 10770]",7.3,6
619271,Expedition Amelia,2019-10-20,"[99, 36, 10770]",7.3,12
624842,The Nightcrawlers,2019-10-01,[99],5.2,4
566219,Sea of Shadows,2019-09-20,[99],7.7,53
624837,Lost and Found,2019-09-18,[99],8.0,1
816986,Incredible Bats,2019-09-08,"[99, 10770]",0.0,0
723223,Into the Fire,2019-09-01,[99],0.0,0
694930,The Tragedy of the Bridge of Genoa,2019-08-13,[99],0.0,0
637995,Eyewitness: D-Day,2019-07-30,"[99, 10752]",7.5,5
851814,World's Biggest Great White?,2019-07-21,[99],4.2,4
614278,The Armstrong Tapes,2019-07-08,[99],6.5,2
746664,The Giant Robber Crab,2019-06-28,[99],6.2,5
713934,Lost World of the Maya,2019-06-24,[99],0.0,0
671345,Building the Channel Tunnel,2019-06-12,"[99, 10770]",0.0,0
606759,Heroes of The Mediterranean,2019-06-03,[99],0.0,0
607640,Going Viral: Beyond the Hot Zone,2019-05-30,[],8.0,4
647113,Maginot vs Siegfried : la guerre des lignes,2019-05-20,"[99, 10752, 36]",6.0,1
593095,Inside the Internet: 50 Years of Life Online,2019-05-04,[99],6.2,3
765158,Ultimate Viking Sword,2019-03-11,"[99, 36]",0.0,0
642584,The Lost Tomb of Alexander the Great,2019-03-04,[99],6.8,11
589325,Riddle of the Stone Age Giants,2019-02-24,"[99, 36, 10770]",7.0,1
625352,Deepwater Horizon: In Their Own Words,2019-02-17,[99],5.0,1
782399,24 Hours of Reality,2018-12-20,[99],0.0,0
889317,Wild Botswana,2018-12-14,"[99, 10770]",0.0,0
782472,Becoming Immortal: How Susan Potter Will Live Forever,2018-12-14,[],0.0,0
608590,Paris to Pittsburgh,2018-12-12,[99],6.2,8
756288,The Last Secrets of the Nasca,2018-12-01,[99],6.5,4
616104,The Flood,2018-11-25,"[99, 10770]",5.7,6
568161,Mission to the Sun,2018-11-18,[99],6.5,20
817917,Explorer Investigation: The National Museum Fire,2018-11-06,[99],0.0,0
1036663,Secrets of the Space Station,2018-11-04,[99],0.0,0
681438,Curiosity: Life of A Mars Rover,2018-11-04,[99],9.0,1
555511,Mafia Confidential,2018-10-22,"[99, 80]",7.0,1
853227,Mystery Skeletons of the Sahara,2018-10-17,[99],0.0,0
493121,Science Fair,2018-09-14,[99],7.2,17
690239,Save The Titanic : Treasures From The Deep,2018-07-09,[99],6.2,4
567913,Black Pharaohs: Empire of Gold,2018-07-03,"[99, 36]",8.0,1
529300,korong ema,2018-06-10,[99],0.0,0
542314,Maradona Confidential,2018-05-28,[99],6.4,18
1066797,Mega Food: Up In The Air,2018-05-26,[99],0.0,0
802761,Hitler's Battle Against the Press,2018-05-05,"[10770, 99, 36]",6.8,3
944195,Inside North Korea: The Kim Dynasty,2018-05-04,[99],8.0,1
1236823,Jeunesses hitlériennes : L'endoctrinement d'une nation,2018-05-01,[99],8.0,1
520446,Into the Okavango,2018-04-22,[99],7.4,28
630905,Tree Climbing Lions,2018-04-06,"[99, 10770]",7.2,6
782405,After Hitler: The Untold Story,2018-03-27,[36],0.0,0
946174,South America Untamed,2018-02-18,[99],8.0,1
813889,Clash of Tigers,2018-02-17,"[99, 10770]",0.0,0
504224,Lost Treasures of the Maya Snake Kings,2018-02-06,[],0.0,0
894521,Lost Cities of the Amazon: The Legend Is Real,2018-01-01,[99],7.0,1
649162,Man Among Cheetahs,2017-12-31,"[99, 10770]",7.2,4
470819,Jane,2017-12-28,[99],7.489,136
727363,The Epic of Ancient Greece,2017-12-06,[99],0.0,0
578499,Heroes of the Long Road Home with Martha Raddatz,2017-11-22,[99],0.0,0
579425,Chasing Paper,2017-10-28,[99],0.0,0
670075,Jaguar vs. Croc,2017-10-12,"[99, 10770]",8.0,1
896645,Inside North Korea: Then and Now with Lisa Ling,2017-10-01,[99],8.0,3
456231,Breaking2,2017-09-20,[99],8.5,10
937326,"Namibia, Sanctuary of Giants",2017-07-29,"[99, 10770]",0.0,0
450875,LA 92,2017-04-28,"[99, 36]",7.7,122
892405,Deep Sea Killers,2017-04-14,[99],0.0,0
1256412,Storm Cats,2017-02-20,[99],0.0,0
441891,Bugatti Chiron: Super Car Build,2017-02-11,[99],0.0,0
438962,Gender Revolution: A Journey with Katie Couric,2017-02-06,"[99, 10770]",5.9,19
447829,Atlantis Rising,2017-01-29,"[99, 12, 9648]",6.0,37
430834,Water & Power: A California Heist,2017-01-23,[99],7.2,12
1434811,Hubble’s Amazing Journey,2017-01-15,[99],0.0,0
931567,Battle of the Swamp Dragons,2017-01-07,[99],0.0,0
1413248,Narco Bling: Getting Chapo Guzman‎,2017-01-01,[99],0.0,0
698941,Shark Swarm,2017-01-01,"[99, 10770]",0.0,0
570061,Dawn of the Nazis,2017-01-01,"[99, 36, 10770]",6.0,1
728820,Man and space,2016-12-14,"[99, 36]",0.0,0
728636,Humanity Seen From Space,2016-12-14,"[99, 36]",0.0,0
1006000,Grizzly Empire,2016-12-12,[99],7.0,1
429324,Expedition Mars: Spirit & Opportunity,2016-11-16,[99],8.2,13
620547,Dragon Island,2016-10-26,[99],8.0,1
410718,Before the Flood,2016-10-21,[99],7.7,781
413349,Killing Reagan,2016-10-16,"[18, 10770]",6.6,29
415410,National Geographic: Expedition in the Grand Canyon,2016-09-11,[99],0.0,0
862883,9/11: The Plane that Hit the Pentagon,2016-09-10,"[99, 36]",5.0,2
453253,9/11: The Longest War,2016-09-10,"[10770, 10752, 99, 36]",0.0,0
412443,New Zealand: Earth's Mythical Islands,2016-07-19,[99],7.7,3
408668,Return From the Dead,2016-07-19,[99],6.8,2
524504,Incredible Insects,2016-07-09,"[99, 10770]",6.3,3
448271,Map of Hell,2016-06-02,[99],6.0,2
407602,Incredible Spiders,2016-05-21,"[99, 10770]",6.0,1
375192,Bill Nye's Global Meltdown,2016-02-16,[],8.0,1
866065,Amazing Animal Selfies,2016-01-18,"[10770, 99]",0.0,0
703842,Alcatraz: No Way Out,2016-01-01,[99],0.0,0
927881,Cougars Undercover,2015-11-22,"[10770, 99]",0.0,0
497072,National Geographic: Inside the Mega Twister,2015-11-01,[99],6.0,1
479650,Creatures of Light,2015-09-25,[99],7.5,2
449263,Dawn of Humanity,2015-09-10,"[99, 36, 10770]",7.5,2
659162,Undiscovered Haiti with José Andrés,2015-09-01,[99],0.0,0
384385,Atlantic: The Wildest Ocean on Earth,2015-08-31,"[99, 10770]",7.3,4
402120,Wild Islands: Jewels of a Paradise: Caribbean,2015-06-14,"[99, 10770]",9.0,1
677166,I Am Dying,2015-06-13,[99],0.0,0
536504,Top 10 Biggest Beasts Ever,2015-06-08,[99],6.7,6
348419,T.Rex: Ultimate Survivor,2015-06-07,[99],0.0,0
388934,Bigger Than T.Rex,2015-06-03,[99],0.0,0
374579,Battlefield Patagonia,2015-05-28,[99],0.0,0
663510,Eagles: Queen of the Skies,2015-05-10,[99],0.0,0
369457,Mankind From Space,2015-05-03,[99],7.0,2
428950,Drain the Titanic,2015-04-12,[99],7.1,24
